{
  "POST login page-2" : {
    "transaction" : "POST login page-2",
    "sampleCount" : 6454,
    "errorCount" : 0,
    "errorPct" : 0.0,
    "meanResTime" : 201.17508521846963,
    "medianResTime" : 200.0,
    "minResTime" : 106.0,
    "maxResTime" : 542.0,
    "pct1ResTime" : 236.0,
    "pct2ResTime" : 244.0,
    "pct3ResTime" : 259.0,
    "throughput" : 3.5862170133602422,
    "receivedKBytesPerSec" : 23.791901304851784,
    "sentKBytesPerSec" : 0.9858594621688557
  },
  "POST login page-1" : {
    "transaction" : "POST login page-1",
    "sampleCount" : 6454,
    "errorCount" : 0,
    "errorPct" : 0.0,
    "meanResTime" : 180.8281685776261,
    "medianResTime" : 180.0,
    "minResTime" : 103.0,
    "maxResTime" : 536.0,
    "pct1ResTime" : 197.0,
    "pct2ResTime" : 203.0,
    "pct3ResTime" : 214.0,
    "throughput" : 3.5862209987853304,
    "receivedKBytesPerSec" : 2.222116970246146,
    "sentKBytesPerSec" : 1.0874234571512158
  },
  "POST login page-0" : {
    "transaction" : "POST login page-0",
    "sampleCount" : 6454,
    "errorCount" : 0,
    "errorPct" : 0.0,
    "meanResTime" : 210.7767276107842,
    "medianResTime" : 210.0,
    "minResTime" : 112.0,
    "maxResTime" : 334.0,
    "pct1ResTime" : 230.0,
    "pct2ResTime" : 238.0,
    "pct3ResTime" : 254.0,
    "throughput" : 3.5861213658154956,
    "receivedKBytesPerSec" : 3.024029642037966,
    "sentKBytesPerSec" : 1.525991635624732
  },
  "POST project create" : {
    "transaction" : "POST project create",
    "sampleCount" : 6447,
    "errorCount" : 6446,
    "errorPct" : 99.98449,
    "meanResTime" : 215.68745152784237,
    "medianResTime" : 215.0,
    "minResTime" : 111.0,
    "maxResTime" : 346.0,
    "pct1ResTime" : 236.0,
    "pct2ResTime" : 243.0,
    "pct3ResTime" : 258.5199999999995,
    "throughput" : 3.5843389905140386,
    "receivedKBytesPerSec" : 35.81616040264464,
    "sentKBytesPerSec" : 1.7730813707705968
  },
  "GET project create" : {
    "transaction" : "GET project create",
    "sampleCount" : 6448,
    "errorCount" : 0,
    "errorPct" : 0.0,
    "meanResTime" : 215.92617866005003,
    "medianResTime" : 216.0,
    "minResTime" : 110.0,
    "maxResTime" : 625.0,
    "pct1ResTime" : 236.0,
    "pct2ResTime" : 242.0,
    "pct3ResTime" : 258.0,
    "throughput" : 3.584348935924204,
    "receivedKBytesPerSec" : 36.64226625158705,
    "sentKBytesPerSec" : 1.0466018865638056
  },
  "POST login page-3" : {
    "transaction" : "POST login page-3",
    "sampleCount" : 3227,
    "errorCount" : 0,
    "errorPct" : 0.0,
    "meanResTime" : 459.1050511310819,
    "medianResTime" : 459.0,
    "minResTime" : 176.0,
    "maxResTime" : 701.0,
    "pct1ResTime" : 496.0,
    "pct2ResTime" : 511.0,
    "pct3ResTime" : 539.0,
    "throughput" : 1.7954400163353328,
    "receivedKBytesPerSec" : 28.884839346508798,
    "sentKBytesPerSec" : 0.49970742642145494
  },
  "POST project create page" : {
    "transaction" : "POST project create page",
    "sampleCount" : 6447,
    "errorCount" : 0,
    "errorPct" : 0.0,
    "meanResTime" : 215.78641228478338,
    "medianResTime" : 215.0,
    "minResTime" : 110.0,
    "maxResTime" : 391.0,
    "pct1ResTime" : 236.0,
    "pct2ResTime" : 242.0,
    "pct3ResTime" : 259.0,
    "throughput" : 3.584522336127782,
    "receivedKBytesPerSec" : 36.642640320816696,
    "sentKBytesPerSec" : 1.5174779127857971
  },
  "POST project edit-0" : {
    "transaction" : "POST project edit-0",
    "sampleCount" : 3223,
    "errorCount" : 0,
    "errorPct" : 0.0,
    "meanResTime" : 204.0406453614645,
    "medianResTime" : 204.0,
    "minResTime" : 112.0,
    "maxResTime" : 314.0,
    "pct1ResTime" : 222.0,
    "pct2ResTime" : 228.0,
    "pct3ResTime" : 242.0,
    "throughput" : 1.7924416024416805,
    "receivedKBytesPerSec" : 1.123776864030819,
    "sentKBytesPerSec" : 0.9487337387923738
  },
  "GET login page-2" : {
    "transaction" : "GET login page-2",
    "sampleCount" : 6443,
    "errorCount" : 0,
    "errorPct" : 0.0,
    "meanResTime" : 474.52460034145724,
    "medianResTime" : 474.0,
    "minResTime" : 177.0,
    "maxResTime" : 946.0,
    "pct1ResTime" : 519.0,
    "pct2ResTime" : 533.0,
    "pct3ResTime" : 572.0,
    "throughput" : 3.583523688910321,
    "receivedKBytesPerSec" : 60.28514585839658,
    "sentKBytesPerSec" : 0.9973674329486732
  },
  "POST project edit-1" : {
    "transaction" : "POST project edit-1",
    "sampleCount" : 3223,
    "errorCount" : 0,
    "errorPct" : 0.0,
    "meanResTime" : 222.54762643499848,
    "medianResTime" : 222.0,
    "minResTime" : 112.0,
    "maxResTime" : 605.0,
    "pct1ResTime" : 243.0,
    "pct2ResTime" : 251.0,
    "pct3ResTime" : 265.75999999999976,
    "throughput" : 1.792339929529843,
    "receivedKBytesPerSec" : 30.56079606405377,
    "sentKBytesPerSec" : 0.5058459371426999
  },
  "GET login page-1" : {
    "transaction" : "GET login page-1",
    "sampleCount" : 6443,
    "errorCount" : 0,
    "errorPct" : 0.0,
    "meanResTime" : 181.02266025143587,
    "medianResTime" : 180.0,
    "minResTime" : 104.0,
    "maxResTime" : 540.0,
    "pct1ResTime" : 198.0,
    "pct2ResTime" : 204.0,
    "pct3ResTime" : 216.0,
    "throughput" : 3.5838167008194444,
    "receivedKBytesPerSec" : 2.2328857960183646,
    "sentKBytesPerSec" : 0.9729502371365287
  },
  "POST project edit" : {
    "transaction" : "POST project edit",
    "sampleCount" : 6445,
    "errorCount" : 3222,
    "errorPct" : 49.99224,
    "meanResTime" : 318.44204809930096,
    "medianResTime" : 265.0,
    "minResTime" : 112.0,
    "maxResTime" : 825.0,
    "pct1ResTime" : 445.0,
    "pct2ResTime" : 456.0,
    "pct3ResTime" : 476.0,
    "throughput" : 3.5838965435556034,
    "receivedKBytesPerSec" : 49.25626609312737,
    "sentKBytesPerSec" : 2.359017162075257
  },
  "GET login page-0" : {
    "transaction" : "GET login page-0",
    "sampleCount" : 6443,
    "errorCount" : 0,
    "errorPct" : 0.0,
    "meanResTime" : 189.16498525531583,
    "medianResTime" : 188.0,
    "minResTime" : 102.0,
    "maxResTime" : 586.0,
    "pct1ResTime" : 206.0,
    "pct2ResTime" : 212.0,
    "pct3ResTime" : 225.0,
    "throughput" : 3.5839741896007453,
    "receivedKBytesPerSec" : 17.450874325536443,
    "sentKBytesPerSec" : 1.0009927912361458
  },
  "GET project edit page" : {
    "transaction" : "GET project edit page",
    "sampleCount" : 6446,
    "errorCount" : 0,
    "errorPct" : 0.0,
    "meanResTime" : 232.93965249767314,
    "medianResTime" : 232.0,
    "minResTime" : 111.0,
    "maxResTime" : 393.0,
    "pct1ResTime" : 259.0,
    "pct2ResTime" : 267.0,
    "pct3ResTime" : 282.0,
    "throughput" : 3.5841197805491163,
    "receivedKBytesPerSec" : 58.23199504643203,
    "sentKBytesPerSec" : 1.0745359107700965
  },
  "POST login password" : {
    "transaction" : "POST login password",
    "sampleCount" : 6456,
    "errorCount" : 0,
    "errorPct" : 0.0,
    "meanResTime" : 841.7865551425009,
    "medianResTime" : 842.0,
    "minResTime" : 97.0,
    "maxResTime" : 1283.0,
    "pct1ResTime" : 893.0,
    "pct2ResTime" : 913.0,
    "pct3ResTime" : 965.0,
    "throughput" : 3.586604897360101,
    "receivedKBytesPerSec" : 81.26968650991289,
    "sentKBytesPerSec" : 3.423497354871944
  },
  "GET login page" : {
    "transaction" : "GET login page",
    "sampleCount" : 6458,
    "errorCount" : 0,
    "errorPct" : 0.0,
    "meanResTime" : 843.3013316816366,
    "medianResTime" : 844.0,
    "minResTime" : 128.0,
    "maxResTime" : 1376.0,
    "pct1ResTime" : 895.0,
    "pct2ResTime" : 913.0499999999993,
    "pct3ResTime" : 966.4099999999999,
    "throughput" : 3.5877339276964393,
    "receivedKBytesPerSec" : 79.91558087119908,
    "sentKBytesPerSec" : 2.968728363979718
  },
  "POST login page" : {
    "transaction" : "POST login page",
    "sampleCount" : 6454,
    "errorCount" : 0,
    "errorPct" : 0.0,
    "meanResTime" : 822.5859931825216,
    "medianResTime" : 700.0,
    "minResTime" : 354.0,
    "maxResTime" : 1473.0,
    "pct1ResTime" : 1063.0,
    "pct2ResTime" : 1084.0,
    "pct3ResTime" : 1128.4499999999998,
    "throughput" : 3.585216951732336,
    "receivedKBytesPerSec" : 57.86931429566374,
    "sentKBytesPerSec" : 4.097229684383975
  },
  "POST project create-0" : {
    "transaction" : "POST project create-0",
    "sampleCount" : 1,
    "errorCount" : 0,
    "errorPct" : 0.0,
    "meanResTime" : 143.0,
    "medianResTime" : 143.0,
    "minResTime" : 143.0,
    "maxResTime" : 143.0,
    "pct1ResTime" : 143.0,
    "pct2ResTime" : 143.0,
    "pct3ResTime" : 143.0,
    "throughput" : 6.993006993006993,
    "receivedKBytesPerSec" : 4.3842875874125875,
    "sentKBytesPerSec" : 3.5443072552447554
  },
  "POST project create-1" : {
    "transaction" : "POST project create-1",
    "sampleCount" : 1,
    "errorCount" : 0,
    "errorPct" : 0.0,
    "meanResTime" : 119.0,
    "medianResTime" : 119.0,
    "minResTime" : 119.0,
    "maxResTime" : 119.0,
    "pct1ResTime" : 119.0,
    "pct2ResTime" : 119.0,
    "pct3ResTime" : 119.0,
    "throughput" : 8.403361344537815,
    "receivedKBytesPerSec" : 143.28387605042016,
    "sentKBytesPerSec" : 2.371651785714286
  },
  "GET  manager page" : {
    "transaction" : "GET  manager page",
    "sampleCount" : 6449,
    "errorCount" : 0,
    "errorPct" : 0.0,
    "meanResTime" : 215.5050395410138,
    "medianResTime" : 215.0,
    "minResTime" : 106.0,
    "maxResTime" : 367.0,
    "pct1ResTime" : 236.0,
    "pct2ResTime" : 242.0,
    "pct3ResTime" : 259.0,
    "throughput" : 3.5845361919208143,
    "receivedKBytesPerSec" : 35.268815527804755,
    "sentKBytesPerSec" : 1.0256534221023423
  },
  "Debug Sampler" : {
    "transaction" : "Debug Sampler",
    "sampleCount" : 12892,
    "errorCount" : 0,
    "errorPct" : 0.0,
    "meanResTime" : 0.07035370772572155,
    "medianResTime" : 0.0,
    "minResTime" : 0.0,
    "maxResTime" : 3.0,
    "pct1ResTime" : 0.0,
    "pct2ResTime" : 1.0,
    "pct3ResTime" : 1.0,
    "throughput" : 7.167936660615546,
    "receivedKBytesPerSec" : 4.962603758934206,
    "sentKBytesPerSec" : 0.0
  },
  "Total" : {
    "transaction" : "Total",
    "sampleCount" : 145080,
    "errorCount" : 9668,
    "errorPct" : 6.6639094,
    "meanResTime" : 305.56868624207704,
    "medianResTime" : 216.0,
    "minResTime" : 0.0,
    "maxResTime" : 1473.0,
    "pct1ResTime" : 813.0,
    "pct2ResTime" : 869.0,
    "pct3ResTime" : 1044.0,
    "throughput" : 80.5800788138488,
    "receivedKBytesPerSec" : 776.6622339156083,
    "sentKBytesPerSec" : 32.23316514285357
  },
  "POST login password-0" : {
    "transaction" : "POST login password-0",
    "sampleCount" : 6441,
    "errorCount" : 0,
    "errorPct" : 0.0,
    "meanResTime" : 189.88029809035837,
    "medianResTime" : 189.0,
    "minResTime" : 106.0,
    "maxResTime" : 550.0,
    "pct1ResTime" : 207.0,
    "pct2ResTime" : 213.0,
    "pct3ResTime" : 224.57999999999993,
    "throughput" : 3.58305101717261,
    "receivedKBytesPerSec" : 18.824990230191975,
    "sentKBytesPerSec" : 1.4556095864763605
  },
  "POST login password-1" : {
    "transaction" : "POST login password-1",
    "sampleCount" : 6441,
    "errorCount" : 0,
    "errorPct" : 0.0,
    "meanResTime" : 180.60223567768952,
    "medianResTime" : 180.0,
    "minResTime" : 105.0,
    "maxResTime" : 537.0,
    "pct1ResTime" : 197.0,
    "pct2ResTime" : 203.0,
    "pct3ResTime" : 215.0,
    "throughput" : 3.5830629764622635,
    "receivedKBytesPerSec" : 2.2324069551321633,
    "sentKBytesPerSec" : 0.9727456127504973
  },
  "POST login password-2" : {
    "transaction" : "POST login password-2",
    "sampleCount" : 6441,
    "errorCount" : 0,
    "errorPct" : 0.0,
    "meanResTime" : 472.75500698649194,
    "medianResTime" : 473.0,
    "minResTime" : 175.0,
    "maxResTime" : 872.0,
    "pct1ResTime" : 518.0,
    "pct2ResTime" : 531.0,
    "pct3ResTime" : 572.0,
    "throughput" : 3.5829254494510465,
    "receivedKBytesPerSec" : 60.27507264692859,
    "sentKBytesPerSec" : 0.9972009307554182
  },
  "GET project manager page" : {
    "transaction" : "GET project manager page",
    "sampleCount" : 6449,
    "errorCount" : 0,
    "errorPct" : 0.0,
    "meanResTime" : 227.54938750193818,
    "medianResTime" : 227.0,
    "minResTime" : 113.0,
    "maxResTime" : 376.0,
    "pct1ResTime" : 249.0,
    "pct2ResTime" : 257.0,
    "pct3ResTime" : 274.0,
    "throughput" : 3.5844764213263285,
    "receivedKBytesPerSec" : 50.54816753960349,
    "sentKBytesPerSec" : 1.022135854518836
  }
}